{
  "Total" : {
    "transaction" : "Total",
    "sampleCount" : 307305,
    "errorCount" : 0,
    "errorPct" : 0.0,
    "meanResTime" : 18.724114479100436,
    "medianResTime" : 4.0,
    "minResTime" : 0.0,
    "maxResTime" : 8079.0,
    "pct1ResTime" : 17.0,
    "pct2ResTime" : 28.0,
    "pct3ResTime" : 71.0,
    "throughput" : 1615.8554219401517,
    "receivedKBytesPerSec" : 401.3186831311356,
    "sentKBytesPerSec" : 409.83738229962506
  },
  "POST /api/benchmark/grpc" : {
    "transaction" : "POST /api/benchmark/grpc",
    "sampleCount" : 69728,
    "errorCount" : 0,
    "errorPct" : 0.0,
    "meanResTime" : 33.888753441946136,
    "medianResTime" : 17.0,
    "minResTime" : 6.0,
    "maxResTime" : 8079.0,
    "pct1ResTime" : 53.0,
    "pct2ResTime" : 88.0,
    "pct3ResTime" : 208.9900000000016,
    "throughput" : 1135.7831639301537,
    "receivedKBytesPerSec" : 276.1816482603596,
    "sentKBytesPerSec" : 286.1641174745895
  },
  "POST /api/benchmark/rest" : {
    "transaction" : "POST /api/benchmark/rest",
    "sampleCount" : 105269,
    "errorCount" : 0,
    "errorPct" : 0.0,
    "meanResTime" : 22.619128138388454,
    "medianResTime" : 17.0,
    "minResTime" : 8.0,
    "maxResTime" : 1817.0,
    "pct1ResTime" : 31.0,
    "pct2ResTime" : 47.0,
    "pct3ResTime" : 209.0,
    "throughput" : 1753.7818206050913,
    "receivedKBytesPerSec" : 440.1581327104575,
    "sentKBytesPerSec" : 441.87081026964216
  },
  "POST /api/benchmark/rabbitmq" : {
    "transaction" : "POST /api/benchmark/rabbitmq",
    "sampleCount" : 132308,
    "errorCount" : 0,
    "errorPct" : 0.0,
    "meanResTime" : 7.633143876409586,
    "medianResTime" : 4.0,
    "minResTime" : 0.0,
    "maxResTime" : 1923.0,
    "pct1ResTime" : 17.0,
    "pct2ResTime" : 28.0,
    "pct3ResTime" : 71.0,
    "throughput" : 2205.0230821792243,
    "receivedKBytesPerSec" : 549.1024276911154,
    "sentKBytesPerSec" : 564.17582766695
  }
}